模型名称,RMSE,MSE,MAE,R2,校正R2
rdf,0.06390655537823606,0.004084047820311552,0.03279797125950966,0.999479028442434,0.9994759181644783
dt,0.07692307692307693,0.005917159763313609,0.005917159763313609,0.9992451920070746,0.9992406856906989
gbt,0.2083862809885479,0.04342484210423803,0.1678331416801636,0.9944606163729057,0.9944275454258783
knn,0.9934036219390008,0.9868507560815253,0.9822485207100592,0.8741148002910055,0.8733632468599071
lr,1.1938266503360346,1.4252220710525565,0.9337090936624505,0.8181950371538287,0.8171096343905679
ridge,1.0320586203941107,1.065144995929795,0.7934679365046768,0.86412738734267,0.8633162075656113
SVR,0.6724553405019391,0.4521961849695789,0.5769797965863019,0.9423167011812694,0.9419723232778741
