model,epochs,batchsize,units1,units2,units3,RMSE,MSE,MAE,AR2
double_lstm_with_attention,3000,512,8,4,16,0.006294076294810031,3.961539640488957e-05,0.0045965750309551,0.9942065437707369
