stragety,cost,slo_requests,slo_time,scale_time
over_provision,35.0239032,0.0,0.0,0
half_provision,19.457724000000002,1.0628243596925702,1.6541729135432286,0
provision_95ile,15.566179200000002,2.810713167164534,3.0834582708645675,0
provision_99ile,23.349268800000004,0.25464741032068045,0.4497751124437781,0
average_provision,7.783089600000001,15.66873693943819,17.1864067966017,0
reactive,6.687583760002868,11.785690018464495,7.866066966516741,3147
hpa,10.259208960002304,0.01578956978777907,0.23988005997001496,94
my_strategy,7.51315136000294,0.06660079169427054,0.39980009995002497,766
my_strategy_without_burst,7.486118640002936,0.02176470780193151,0.29485257371314344,731
