model,epochs,batchsize,units1,units2,units3,RMSE,MSE,MAE,AR2
double_lstm_with_attention,3000,1024,64,64,8,0.006289982780825031,3.956388338307539e-05,0.004721330175941578,0.9915410236396562
